{"upper_lim": -26.949999999999992, "lower_lim": -52.150000000000006}